<?xml version="1.0" encoding="UTF-8"?>
<project-private xmlns="http://www.netbeans.org/ns/project-private/1">
    <editor-bookmarks xmlns="http://www.netbeans.org/ns/editor-bookmarks/2" lastBookmarkId="0"/>
    <open-files xmlns="http://www.netbeans.org/ns/projectui-open-files/2">
        <group>
            <file>file:/C:/Users/hp/OneDrive/Documents/2nd%20semester/OOP/Mid%20term%20project/RubricsManagementSystem/src/rubricsmanagementsystem/Teacher.java</file>
            <file>file:/C:/Users/hp/OneDrive/Documents/2nd%20semester/OOP/Mid%20term%20project/RubricsManagementSystem/src/rubricsmanagementsystem/ManageStudent.java</file>
            <file>file:/C:/Users/hp/OneDrive/Documents/2nd%20semester/OOP/Mid%20term%20project/RubricsManagementSystem/src/rubricsmanagementsystem/ManageRubrics.java</file>
            <file>file:/C:/Users/hp/OneDrive/Documents/2nd%20semester/OOP/Mid%20term%20project/RubricsManagementSystem/src/rubricsmanagementsystem/ManageCLOs.java</file>
            <file>file:/C:/Users/hp/OneDrive/Documents/2nd%20semester/OOP/Mid%20term%20project/RubricsManagementSystem/src/rubricsmanagementsystem/Administrator.java</file>
            <file>file:/C:/Users/hp/OneDrive/Documents/2nd%20semester/OOP/Mid%20term%20project/RubricsManagementSystem/src/rubricsmanagementsystem/Login.java</file>
            <file>file:/C:/Users/hp/OneDrive/Documents/2nd%20semester/OOP/Mid%20term%20project/RubricsManagementSystem/src/rubricsmanagementsystem/awin.java</file>
            <file>file:/C:/Users/hp/OneDrive/Documents/2nd%20semester/OOP/Mid%20term%20project/RubricsManagementSystem/src/rubricsmanagementsystem/RubricsManagementSystem.java</file>
            <file>file:/C:/Users/hp/OneDrive/Documents/2nd%20semester/OOP/Mid%20term%20project/RubricsManagementSystem/src/rubricsmanagementsystem/ManageAssesments.java</file>
        </group>
    </open-files>
</project-private>
